{"last_round": 10, "elec_loss": [0.007310744716475407, 0.00726204488116006, 0.007128420627365509, 0.007166900904849172, 0.00709197917021811, 0.007102380429084103, 0.007107632079472144, 0.007025239259625475, 0.006967187145104011, 0.006966343180586894], "water_loss": [0.011534840241074562, 0.011653054288278024, 0.010499187652021647, 0.010715320892632007, 0.01068476103246212, 0.010437283913294475, 0.010142780498911937, 0.01007033286926647, 0.009630734333768487, 0.01031825461735328]}